customer_id,customer_name,customer_lastname,email,token
100,Marcy,Elephus,Marcy.Elephus@blamail.com,473
101,Brietta,Emmy,Brietta.Emmy@blamail.com,653
102,Nanete,Sparhawk,Nanete.Sparhawk@blamail.com,147
103,Dorice,Lesley,Dorice.Lesley@blamail.com,451
104,Dulcinea,Matthew,Dulcinea.Matthew@blamail.com,88
105,Bobbi,Laverne,Bobbi.Laverne@blamail.com,357
106,Ernesta,Edison,Ernesta.Edison@blamail.com,535
107,Anica,Faro,Anica.Faro@blamail.com,850
108,Madalyn,Olin,Madalyn.Olin@blamail.com,533
109,Averyl,Quent,Averyl.Quent@blamail.com,41
110,Marguerite,Herrera,Marguerite.Herrera@blamail.com,395
111,Lorne,Randene,Lorne.Randene@blamail.com,178
112,Max,Raffo,Max.Raffo@blamail.com,769
113,Aryn,Caitlin,Aryn.Caitlin@blamail.com,805
114,Aimil,Heidt,Aimil.Heidt@blamail.com,981
115,Gwyneth,Riordan,Gwyneth.Riordan@blamail.com,105
116,Edyth,Boycey,Edyth.Boycey@blamail.com,777
117,Cathyleen,Syd,Cathyleen.Syd@blamail.com,501
118,Atlanta,Haldas,Atlanta.Haldas@blamail.com,174
119,Ricky,Esmaria,Ricky.Esmaria@blamail.com,600
120,Sabina,Kauppi,Sabina.Kauppi@blamail.com,72
121,Ada,Eldrid,Ada.Eldrid@blamail.com,518
122,Blondelle,Mallon,Blondelle.Mallon@blamail.com,452
123,Babita,Himelman,Babita.Himelman@blamail.com,800
124,Sean,Grosz,Sean.Grosz@blamail.com,309
125,Fayre,Winthorpe,Fayre.Winthorpe@blamail.com,755
126,Marti,Roxanna,Marti.Roxanna@blamail.com,675
127,Millie,Armanda,Millie.Armanda@blamail.com,17
128,Alisha,Goerke,Alisha.Goerke@blamail.com,603
129,Catrina,Juliet,Catrina.Juliet@blamail.com,645
130,Calla,Toffic,Calla.Toffic@blamail.com,788
131,Marnia,Bronk,Marnia.Bronk@blamail.com,36
132,Karlee,Kosey,Karlee.Kosey@blamail.com,840
133,Janey,Buffum,Janey.Buffum@blamail.com,900
134,Kelly,Regan,Kelly.Regan@blamail.com,589
135,Annecorinne,Kalinda,Annecorinne.Kalinda@blamail.com,600
136,Pierette,Decato,Pierette.Decato@blamail.com,894
137,Cordi,Pandolfi,Cordi.Pandolfi@blamail.com,195
138,Roz,Imelida,Roz.Imelida@blamail.com,999
139,Ethel,Lytton,Ethel.Lytton@blamail.com,161
140,Wanda,Campball,Wanda.Campball@blamail.com,95
141,Libbie,Berl,Libbie.Berl@blamail.com,410
142,Darlleen,Yuille,Darlleen.Yuille@blamail.com,693
143,Susette,Helfand,Susette.Helfand@blamail.com,338
144,Frieda,Persse,Frieda.Persse@blamail.com,975
145,Tori,Maples,Tori.Maples@blamail.com,308
146,Donnie,Cadmar,Donnie.Cadmar@blamail.com,255
147,Charissa,Havens,Charissa.Havens@blamail.com,848
148,Michaelina,Stoller,Michaelina.Stoller@blamail.com,465
149,Chickie,Grayce,Chickie.Grayce@blamail.com,545
150,Evita,Douglass,Evita.Douglass@blamail.com,742
151,Fidelia,Dunkin,Fidelia.Dunkin@blamail.com,559
152,Leanna,Dannye,Leanna.Dannye@blamail.com,503
153,Fidelia,Kosey,Fidelia.Kosey@blamail.com,767
154,Kassey,Hamil,Kassey.Hamil@blamail.com,262
155,Emylee,Brian,Emylee.Brian@blamail.com,27
156,Fredericka,Jammal,Fredericka.Jammal@blamail.com,129
157,Wileen,Sherrie,Wileen.Sherrie@blamail.com,278
158,Dulcinea,Cohdwell,Dulcinea.Cohdwell@blamail.com,747
159,Elmira,Sherrie,Elmira.Sherrie@blamail.com,513
160,Gale,Lissi,Gale.Lissi@blamail.com,171
161,Liana,Harl,Liana.Harl@blamail.com,535
162,Felice,Pyle,Felice.Pyle@blamail.com,478
163,Mallory,Xerxes,Mallory.Xerxes@blamail.com,938
164,Elvira,Loleta,Elvira.Loleta@blamail.com,940
165,Binny,Hourigan,Binny.Hourigan@blamail.com,78
166,Carree,Zitvaa,Carree.Zitvaa@blamail.com,55
167,Nessie,Shuler,Nessie.Shuler@blamail.com,787
168,Karly,Goerke,Karly.Goerke@blamail.com,562
169,Hollie,Georgy,Hollie.Georgy@blamail.com,567
170,Pamella,Nedrud,Pamella.Nedrud@blamail.com,972
171,Marcelline,Philipp,Marcelline.Philipp@blamail.com,762
172,Carmencita,Adamsen,Carmencita.Adamsen@blamail.com,185
173,Wynne,Kolnick,Wynne.Kolnick@blamail.com,156
174,Lilith,Laverne,Lilith.Laverne@blamail.com,337
175,Stephanie,Peti,Stephanie.Peti@blamail.com,276
176,Sean,Sibyls,Sean.Sibyls@blamail.com,754
177,Tiffie,Margret,Tiffie.Margret@blamail.com,453
178,Kamilah,Podvin,Kamilah.Podvin@blamail.com,221
179,Ileana,Standing,Ileana.Standing@blamail.com,665
180,Teriann,Bergman,Teriann.Bergman@blamail.com,761
181,Roseline,Jaylene,Roseline.Jaylene@blamail.com,967
182,Leona,Carbo,Leona.Carbo@blamail.com,230
183,Ira,Keelia,Ira.Keelia@blamail.com,547
184,Caritta,Tice,Caritta.Tice@blamail.com,474
185,Marline,Cohdwell,Marline.Cohdwell@blamail.com,512
186,Emelina,Judye,Emelina.Judye@blamail.com,684
187,Sidoney,Jess,Sidoney.Jess@blamail.com,631
188,Shirlee,An,Shirlee.An@blamail.com,791
189,Fawne,Darrell,Fawne.Darrell@blamail.com,240
190,Belva,Socha,Belva.Socha@blamail.com,15
191,Fina,Marden,Fina.Marden@blamail.com,842
192,Di,Taam,Di.Taam@blamail.com,498
193,Brianna,Herrera,Brianna.Herrera@blamail.com,913
194,Zia,Pierette,Zia.Pierette@blamail.com,847
195,Carol-Jean,Lindemann,Carol-Jean.Lindemann@blamail.com,804
196,Katharina,Giule,Katharina.Giule@blamail.com,364
197,Darlleen,Weide,Darlleen.Weide@blamail.com,768
198,Krystle,Grosz,Krystle.Grosz@blamail.com,274
199,Vivia,Romelda,Vivia.Romelda@blamail.com,274
